{"train_loss": [0.20560617744922638, 0.1621948629617691, 0.13107700645923615, 0.10351842641830444, 0.08085107058286667, 0.06444694846868515, 0.060444943606853485, 0.06596721708774567, 0.06064434349536896, 0.056246522814035416, 0.05690387263894081, 0.060447365045547485, 0.06212316453456879, 0.061224691569805145, 0.05912276729941368, 0.05677315220236778, 0.05640023946762085, 0.05623219162225723, 0.05705099180340767, 0.05721140652894974, 0.056714948266744614, 0.05615599453449249, 0.056108564138412476, 0.056169599294662476, 0.05647198483347893, 0.05660804733633995, 0.05645626038312912, 0.05628148466348648, 0.05589115992188454, 0.05584971234202385, 0.055972445756196976, 0.05593241751194, 0.055843811482191086, 0.055702079087495804, 0.05566825345158577, 0.055661726742982864, 0.055684685707092285, 0.055811118334531784, 0.05581346154212952, 0.05579554662108421, 0.05574728548526764, 0.05578920617699623, 0.055696409195661545, 0.05569858476519585, 0.05544837936758995, 0.05539540946483612, 0.05558754503726959, 0.05554687976837158, 0.05530783534049988, 0.055402401834726334], "val_loss": [0.08983033895492554, 0.06933140754699707, 0.05041368678212166, 0.03606406971812248, 0.026400456205010414, 0.027163522318005562, 0.0347001850605011, 0.03016420267522335, 0.022594505921006203, 0.02040395513176918, 0.02119109407067299, 0.02196257747709751, 0.021530043333768845, 0.0206619780510664, 0.020404815673828125, 0.021235939115285873, 0.022905874997377396, 0.02443673275411129, 0.02510293386876583, 0.024426573887467384, 0.023263221606612206, 0.02213282883167267, 0.021353688091039658, 0.020931048318743706, 0.020733127370476723, 0.020705971866846085, 0.020824268460273743, 0.021101996302604675, 0.021620577201247215, 0.022529443725943565, 0.023023204877972603, 0.022732434794306755, 0.022192033007740974, 0.021802883595228195, 0.021527593955397606, 0.021375201642513275, 0.021240530535578728, 0.02126198634505272, 0.021433403715491295, 0.02161777764558792, 0.021685481071472168, 0.02170717902481556, 0.021606456488370895, 0.021623065695166588, 0.02217540144920349, 0.023105118423700333, 0.02351251058280468, 0.022904330864548683, 0.021830394864082336, 0.021061047911643982], "train_mae": [0.38447076082229614, 0.324945330619812, 0.2834247350692749, 0.24531173706054688, 0.215400829911232, 0.1930619329214096, 0.20247365534305573, 0.2197243720293045, 0.2123011201620102, 0.19667522609233856, 0.18901996314525604, 0.19030626118183136, 0.1917245239019394, 0.19041100144386292, 0.18841515481472015, 0.18883690237998962, 0.19328568875789642, 0.1973314881324768, 0.20086926221847534, 0.20136001706123352, 0.1990475356578827, 0.19569174945354462, 0.19293102622032166, 0.1900085210800171, 0.18893302977085114, 0.1885605752468109, 0.1888977736234665, 0.19001470506191254, 0.19067253172397614, 0.19284987449645996, 0.1955028623342514, 0.1962248682975769, 0.19518744945526123, 0.19375017285346985, 0.19249027967453003, 0.1913720965385437, 0.19055049121379852, 0.1898624449968338, 0.18967340886592865, 0.19018514454364777, 0.1900734305381775, 0.19003279507160187, 0.19006933271884918, 0.19027002155780792, 0.19055281579494476, 0.19257262349128723, 0.1950182318687439, 0.19564688205718994, 0.1939122974872589, 0.19128499925136566], "val_mae": [0.26391521096229553, 0.22485606372356415, 0.17932240664958954, 0.1311526596546173, 0.06827796995639801, 0.0895874947309494, 0.14511744678020477, 0.13595083355903625, 0.09399032592773438, 0.07394009828567505, 0.0869332104921341, 0.0908316820859909, 0.08558763563632965, 0.07664358615875244, 0.06782412528991699, 0.07673853635787964, 0.09426699578762054, 0.10516032576560974, 0.10827364027500153, 0.10208357870578766, 0.09166005998849869, 0.0795680582523346, 0.06945657730102539, 0.06375523656606674, 0.06141098216176033, 0.06343342363834381, 0.06835228204727173, 0.07488393783569336, 0.08263992518186569, 0.0926491767168045, 0.09722243249416351, 0.09462157636880875, 0.08953907340765, 0.08523034304380417, 0.08093523234128952, 0.07769476622343063, 0.07437426596879959, 0.07329940050840378, 0.07509225606918335, 0.07590514421463013, 0.07515069097280502, 0.07612058520317078, 0.07755450904369354, 0.08045116066932678, 0.0878714919090271, 0.09719187021255493, 0.10109235346317291, 0.09684029221534729, 0.08734670281410217, 0.07815402746200562], "epochs": [1, 2, 3, 4, 5, 6, 7, 8, 9, 10, 11, 12, 13, 14, 15, 16, 17, 18, 19, 20, 21, 22, 23, 24, 25, 26, 27, 28, 29, 30, 31, 32, 33, 34, 35, 36, 37, 38, 39, 40, 41, 42, 43, 44, 45, 46, 47, 48, 49, 50]}